-- MariaDB dump 10.19  Distrib 10.4.32-MariaDB, for Win64 (AMD64)
--
-- Host: localhost    Database: tifosi
-- ------------------------------------------------------
-- Server version	10.4.32-MariaDB

/*!40101 SET @OLD_CHARACTER_SET_CLIENT=@@CHARACTER_SET_CLIENT */;
/*!40101 SET @OLD_CHARACTER_SET_RESULTS=@@CHARACTER_SET_RESULTS */;
/*!40101 SET @OLD_COLLATION_CONNECTION=@@COLLATION_CONNECTION */;
/*!40101 SET NAMES utf8mb4 */;
/*!40103 SET @OLD_TIME_ZONE=@@TIME_ZONE */;
/*!40103 SET TIME_ZONE='+00:00' */;
/*!40014 SET @OLD_UNIQUE_CHECKS=@@UNIQUE_CHECKS, UNIQUE_CHECKS=0 */;
/*!40014 SET @OLD_FOREIGN_KEY_CHECKS=@@FOREIGN_KEY_CHECKS, FOREIGN_KEY_CHECKS=0 */;
/*!40101 SET @OLD_SQL_MODE=@@SQL_MODE, SQL_MODE='NO_AUTO_VALUE_ON_ZERO' */;
/*!40111 SET @OLD_SQL_NOTES=@@SQL_NOTES, SQL_NOTES=0 */;

--
-- Table structure for table `achete`
--

DROP TABLE IF EXISTS `achete`;
/*!40101 SET @saved_cs_client     = @@character_set_client */;
/*!40101 SET character_set_client = utf8 */;
CREATE TABLE `achete` (
  `client_id_client` int(11) NOT NULL,
  `focaccia_id_focaccia` int(11) NOT NULL,
  `jour` date NOT NULL,
  PRIMARY KEY (`client_id_client`,`focaccia_id_focaccia`),
  KEY `fk_client_has_focaccia_focaccia1` (`focaccia_id_focaccia`),
  CONSTRAINT `fk_client_has_focaccia_client1` FOREIGN KEY (`client_id_client`) REFERENCES `client` (`id_client`) ON DELETE NO ACTION ON UPDATE NO ACTION,
  CONSTRAINT `fk_client_has_focaccia_focaccia1` FOREIGN KEY (`focaccia_id_focaccia`) REFERENCES `focaccia` (`id_focaccia`) ON DELETE NO ACTION ON UPDATE NO ACTION
) ENGINE=InnoDB DEFAULT CHARSET=utf8 COLLATE=utf8_general_ci;
/*!40101 SET character_set_client = @saved_cs_client */;

--
-- Dumping data for table `achete`
--

LOCK TABLES `achete` WRITE;
/*!40000 ALTER TABLE `achete` DISABLE KEYS */;
/*!40000 ALTER TABLE `achete` ENABLE KEYS */;
UNLOCK TABLES;

--
-- Table structure for table `boisson`
--

DROP TABLE IF EXISTS `boisson`;
/*!40101 SET @saved_cs_client     = @@character_set_client */;
/*!40101 SET character_set_client = utf8 */;
CREATE TABLE `boisson` (
  `id_boisson` int(11) NOT NULL AUTO_INCREMENT,
  `nom_boisson` varchar(45) NOT NULL,
  `marque_id_marque` int(11) NOT NULL,
  PRIMARY KEY (`id_boisson`,`marque_id_marque`),
  KEY `fk_boisson_marque1` (`marque_id_marque`),
  CONSTRAINT `fk_boisson_marque1` FOREIGN KEY (`marque_id_marque`) REFERENCES `marque` (`id_marque`) ON DELETE NO ACTION ON UPDATE NO ACTION
) ENGINE=InnoDB AUTO_INCREMENT=13 DEFAULT CHARSET=utf8 COLLATE=utf8_general_ci;
/*!40101 SET character_set_client = @saved_cs_client */;

--
-- Dumping data for table `boisson`
--

LOCK TABLES `boisson` WRITE;
/*!40000 ALTER TABLE `boisson` DISABLE KEYS */;
INSERT INTO `boisson` VALUES (1,'Coca-cola zéro',1),(2,'Coca-cola original',1),(3,'Fanta citron',1),(4,'Fanta orange',1),(5,'Capri-sun',1),(6,'Pepsi',4),(7,'Pepsi Max Zéro',4),(8,'Lipton zéro citron',4),(9,'Lipton Peach',4),(10,'Monster energy ultra gold',3),(11,'Monster energy ultra blue',3),(12,'Eau de source',2);
/*!40000 ALTER TABLE `boisson` ENABLE KEYS */;
UNLOCK TABLES;

--
-- Table structure for table `client`
--

DROP TABLE IF EXISTS `client`;
/*!40101 SET @saved_cs_client     = @@character_set_client */;
/*!40101 SET character_set_client = utf8 */;
CREATE TABLE `client` (
  `id_client` int(11) NOT NULL AUTO_INCREMENT,
  `nom_client` varchar(45) NOT NULL,
  `age` int(11) NOT NULL,
  `cp_client` int(11) NOT NULL,
  PRIMARY KEY (`id_client`)
) ENGINE=InnoDB DEFAULT CHARSET=utf8 COLLATE=utf8_general_ci;
/*!40101 SET character_set_client = @saved_cs_client */;

--
-- Dumping data for table `client`
--

LOCK TABLES `client` WRITE;
/*!40000 ALTER TABLE `client` DISABLE KEYS */;
/*!40000 ALTER TABLE `client` ENABLE KEYS */;
UNLOCK TABLES;

--
-- Table structure for table `comprend`
--

DROP TABLE IF EXISTS `comprend`;
/*!40101 SET @saved_cs_client     = @@character_set_client */;
/*!40101 SET character_set_client = utf8 */;
CREATE TABLE `comprend` (
  `focaccia_id_focaccia` int(11) NOT NULL,
  `ingredient_id_ingredient` int(11) NOT NULL,
  PRIMARY KEY (`focaccia_id_focaccia`,`ingredient_id_ingredient`),
  KEY `fk_focaccia_has_ingredient_ingredient1` (`ingredient_id_ingredient`),
  CONSTRAINT `fk_focaccia_has_ingredient_focaccia1` FOREIGN KEY (`focaccia_id_focaccia`) REFERENCES `focaccia` (`id_focaccia`) ON DELETE NO ACTION ON UPDATE NO ACTION,
  CONSTRAINT `fk_focaccia_has_ingredient_ingredient1` FOREIGN KEY (`ingredient_id_ingredient`) REFERENCES `ingredient` (`id_ingredient`) ON DELETE NO ACTION ON UPDATE NO ACTION
) ENGINE=InnoDB DEFAULT CHARSET=utf8 COLLATE=utf8_general_ci;
/*!40101 SET character_set_client = @saved_cs_client */;

--
-- Dumping data for table `comprend`
--

LOCK TABLES `comprend` WRITE;
/*!40000 ALTER TABLE `comprend` DISABLE KEYS */;
/*!40000 ALTER TABLE `comprend` ENABLE KEYS */;
UNLOCK TABLES;

--
-- Table structure for table `contient`
--

DROP TABLE IF EXISTS `contient`;
/*!40101 SET @saved_cs_client     = @@character_set_client */;
/*!40101 SET character_set_client = utf8 */;
CREATE TABLE `contient` (
  `menu_id_menu` int(11) NOT NULL,
  `boisson_id_boisson` int(11) NOT NULL,
  PRIMARY KEY (`menu_id_menu`,`boisson_id_boisson`),
  KEY `fk_menu_has_boisson_boisson1` (`boisson_id_boisson`),
  CONSTRAINT `fk_menu_has_boisson_boisson1` FOREIGN KEY (`boisson_id_boisson`) REFERENCES `boisson` (`id_boisson`) ON DELETE NO ACTION ON UPDATE NO ACTION,
  CONSTRAINT `fk_menu_has_boisson_menu1` FOREIGN KEY (`menu_id_menu`) REFERENCES `menu` (`id_menu`) ON DELETE NO ACTION ON UPDATE NO ACTION
) ENGINE=InnoDB DEFAULT CHARSET=utf8 COLLATE=utf8_general_ci;
/*!40101 SET character_set_client = @saved_cs_client */;

--
-- Dumping data for table `contient`
--

LOCK TABLES `contient` WRITE;
/*!40000 ALTER TABLE `contient` DISABLE KEYS */;
/*!40000 ALTER TABLE `contient` ENABLE KEYS */;
UNLOCK TABLES;

--
-- Table structure for table `focaccia`
--

DROP TABLE IF EXISTS `focaccia`;
/*!40101 SET @saved_cs_client     = @@character_set_client */;
/*!40101 SET character_set_client = utf8 */;
CREATE TABLE `focaccia` (
  `id_focaccia` int(11) NOT NULL AUTO_INCREMENT,
  `nom_focaccia` varchar(45) NOT NULL,
  `prix_focaccia` float NOT NULL,
  PRIMARY KEY (`id_focaccia`)
) ENGINE=InnoDB AUTO_INCREMENT=9 DEFAULT CHARSET=utf8 COLLATE=utf8_general_ci;
/*!40101 SET character_set_client = @saved_cs_client */;

--
-- Dumping data for table `focaccia`
--

LOCK TABLES `focaccia` WRITE;
/*!40000 ALTER TABLE `focaccia` DISABLE KEYS */;
INSERT INTO `focaccia` VALUES (1,'Mozaccia',9.8),(2,'Gorgonzollaccia',10.8),(3,'Raclaccia',8.9),(4,'Emmentalaccia',9.8),(5,'Tradizione',8.9),(6,'Hawaienne',11.2),(7,'Américaine',10.8),(8,'Paysanne',12.8);
/*!40000 ALTER TABLE `focaccia` ENABLE KEYS */;
UNLOCK TABLES;

--
-- Table structure for table `ingredient`
--

DROP TABLE IF EXISTS `ingredient`;
/*!40101 SET @saved_cs_client     = @@character_set_client */;
/*!40101 SET character_set_client = utf8 */;
CREATE TABLE `ingredient` (
  `id_ingredient` int(11) NOT NULL AUTO_INCREMENT,
  `nom_ingredient` varchar(45) NOT NULL,
  PRIMARY KEY (`id_ingredient`)
) ENGINE=InnoDB AUTO_INCREMENT=25 DEFAULT CHARSET=utf8 COLLATE=utf8_general_ci;
/*!40101 SET character_set_client = @saved_cs_client */;

--
-- Dumping data for table `ingredient`
--

LOCK TABLES `ingredient` WRITE;
/*!40000 ALTER TABLE `ingredient` DISABLE KEYS */;
INSERT INTO `ingredient` VALUES (1,'Ail'),(2,'Ananas'),(3,'Artichaut'),(4,'bacon'),(5,'Base Tomate'),(6,'Base crème'),(7,'Champignon'),(8,'Chèvre'),(9,'Cresson'),(10,'Emmental'),(11,'Gorgonzola'),(12,'Jambon cuit'),(13,'Jambon fumé'),(14,'Oeuf'),(15,'Oignon'),(16,'Olive noire'),(17,'Olive verte'),(18,'Parmesan'),(19,'Piment'),(20,'Poivre'),(21,'Pomme de terre'),(22,'Raclette'),(23,'Salami'),(24,'Tomate cerise');
/*!40000 ALTER TABLE `ingredient` ENABLE KEYS */;
UNLOCK TABLES;

--
-- Table structure for table `marque`
--

DROP TABLE IF EXISTS `marque`;
/*!40101 SET @saved_cs_client     = @@character_set_client */;
/*!40101 SET character_set_client = utf8 */;
CREATE TABLE `marque` (
  `id_marque` int(11) NOT NULL AUTO_INCREMENT,
  `nom_marque` varchar(45) NOT NULL,
  PRIMARY KEY (`id_marque`)
) ENGINE=InnoDB AUTO_INCREMENT=5 DEFAULT CHARSET=utf8 COLLATE=utf8_general_ci;
/*!40101 SET character_set_client = @saved_cs_client */;

--
-- Dumping data for table `marque`
--

LOCK TABLES `marque` WRITE;
/*!40000 ALTER TABLE `marque` DISABLE KEYS */;
INSERT INTO `marque` VALUES (1,'Coca-cola'),(2,'Cristalline'),(3,'Monster'),(4,'Pepsico');
/*!40000 ALTER TABLE `marque` ENABLE KEYS */;
UNLOCK TABLES;

--
-- Table structure for table `menu`
--

DROP TABLE IF EXISTS `menu`;
/*!40101 SET @saved_cs_client     = @@character_set_client */;
/*!40101 SET character_set_client = utf8 */;
CREATE TABLE `menu` (
  `id_menu` int(11) NOT NULL AUTO_INCREMENT,
  `nom_menu` varchar(45) NOT NULL,
  `prix_menu` float NOT NULL,
  `focaccia_id_focaccia` int(11) NOT NULL,
  PRIMARY KEY (`id_menu`,`focaccia_id_focaccia`),
  KEY `fk_menu_focaccia` (`focaccia_id_focaccia`),
  CONSTRAINT `fk_menu_focaccia` FOREIGN KEY (`focaccia_id_focaccia`) REFERENCES `focaccia` (`id_focaccia`) ON DELETE NO ACTION ON UPDATE NO ACTION
) ENGINE=InnoDB DEFAULT CHARSET=utf8 COLLATE=utf8_general_ci;
/*!40101 SET character_set_client = @saved_cs_client */;

--
-- Dumping data for table `menu`
--

LOCK TABLES `menu` WRITE;
/*!40000 ALTER TABLE `menu` DISABLE KEYS */;
/*!40000 ALTER TABLE `menu` ENABLE KEYS */;
UNLOCK TABLES;

--
-- Table structure for table `paye`
--

DROP TABLE IF EXISTS `paye`;
/*!40101 SET @saved_cs_client     = @@character_set_client */;
/*!40101 SET character_set_client = utf8 */;
CREATE TABLE `paye` (
  `client_id_client` int(11) NOT NULL,
  `menu_id_menu` int(11) NOT NULL,
  `jour` date NOT NULL,
  PRIMARY KEY (`client_id_client`,`menu_id_menu`),
  KEY `fk_client_has_menu_menu1` (`menu_id_menu`),
  CONSTRAINT `fk_client_has_menu_client1` FOREIGN KEY (`client_id_client`) REFERENCES `client` (`id_client`) ON DELETE NO ACTION ON UPDATE NO ACTION,
  CONSTRAINT `fk_client_has_menu_menu1` FOREIGN KEY (`menu_id_menu`) REFERENCES `menu` (`id_menu`) ON DELETE NO ACTION ON UPDATE NO ACTION
) ENGINE=InnoDB DEFAULT CHARSET=utf8 COLLATE=utf8_general_ci;
/*!40101 SET character_set_client = @saved_cs_client */;

--
-- Dumping data for table `paye`
--

LOCK TABLES `paye` WRITE;
/*!40000 ALTER TABLE `paye` DISABLE KEYS */;
/*!40000 ALTER TABLE `paye` ENABLE KEYS */;
UNLOCK TABLES;
/*!40103 SET TIME_ZONE=@OLD_TIME_ZONE */;

/*!40101 SET SQL_MODE=@OLD_SQL_MODE */;
/*!40014 SET FOREIGN_KEY_CHECKS=@OLD_FOREIGN_KEY_CHECKS */;
/*!40014 SET UNIQUE_CHECKS=@OLD_UNIQUE_CHECKS */;
/*!40101 SET CHARACTER_SET_CLIENT=@OLD_CHARACTER_SET_CLIENT */;
/*!40101 SET CHARACTER_SET_RESULTS=@OLD_CHARACTER_SET_RESULTS */;
/*!40101 SET COLLATION_CONNECTION=@OLD_COLLATION_CONNECTION */;
/*!40111 SET SQL_NOTES=@OLD_SQL_NOTES */;

-- Dump completed on 2024-11-06 11:25:48
